{
  "data": {
    "AO": {
      "BU": 0.02405259376623,
      "BU_CT_high": 0.0351584466632632,
      "BU_CT_low": 0.0305456413065076,
      "High": 0.0279245347206258,
      "High_CT_high": 0.0355967948908014,
      "High_CT_low": 0.0316812506032224,
      "Low": 0.0242885534934388,
      "Low_CT_high": 0.035089351016211,
      "Low_CT_low": 0.0314285298923319
    },
    "BI": {
      "BU": 0.0266290894560436,
      "BU_CT_high": 0.0312336376652607,
      "BU_CT_low": 0.0279850975658728,
      "High": 0.0348297538898218,
      "High_CT_high": 0.0295682390012685,
      "High_CT_low": 0.0281121097338797,
      "Low": 0.0276340443190388,
      "Low_CT_high": 0.030814758489651,
      "Low_CT_low": 0.0292680370847548
    },
    "BJ": {
      "BU": 0.0602649905906859,
      "BU_CT_high": 0.0618214393206394,
      "BU_CT_low": 0.0795244674291965,
      "High": 0.0539115454210985,
      "High_CT_high": 0.0555956428092813,
      "High_CT_low": 0.0543682470963014,
      "Low": 0.0505825749649055,
      "Low_CT_high": 0.054967873163635,
      "Low_CT_low": 0.0516752786901737
    },
    "BF": {
      "BU": 0.0742784360619598,
      "BU_CT_high": 0.1131381259156605,
      "BU_CT_low": 0.0961444395438567,
      "High": 0.0796665591524676,
      "High_CT_high": 0.1168612550317398,
      "High_CT_low": 0.0998067076020521,
      "Low": 0.077262952892537,
      "Low_CT_high": 0.1189369043913606,
      "Low_CT_low": 0.1027463707781701
    },
    "BW": {
      "BU": 0.0502939228339384,
      "BU_CT_high": 0.1494071888696171,
      "BU_CT_low": 0.1475753742805139,
      "High": 0.0496812257545149,
      "High_CT_high": 0.1348574301904731,
      "High_CT_low": 0.1423564751211526,
      "Low": 0.0511609245925359,
      "Low_CT_high": 0.1282803520677698,
      "Low_CT_low": 0.1538786676476081
    },
    "CF": {
      "BU": 0.0553381652693738,
      "BU_CT_high": 0.0533046974943874,
      "BU_CT_low": 0.0508357869358025,
      "High": 0.0522638042495222,
      "High_CT_high": 0.0504073848641631,
      "High_CT_low": 0.0489710103515514,
      "Low": 0.0557764219062569,
      "Low_CT_high": 0.0564333927860079,
      "Low_CT_low": 0.0539100259766119
    },
    "CI": {
      "BU": 0.0518676910703729,
      "BU_CT_high": 0.0653457824611541,
      "BU_CT_low": 0.0602595168819521,
      "High": 0.0526700803264132,
      "High_CT_high": 0.0657954454682139,
      "High_CT_low": 0.0601981256866018,
      "Low": 0.0509614525853406,
      "Low_CT_high": 0.0679588065095142,
      "Low_CT_low": 0.063844438161819
    },
    "CM": {
      "BU": 0.0452574405858191,
      "BU_CT_high": 0.0469473072801859,
      "BU_CT_low": 0.0416935561415262,
      "High": 0.0452827229201861,
      "High_CT_high": 0.0467972569088364,
      "High_CT_low": 0.0416088680414684,
      "Low": 0.043641373019162,
      "Low_CT_high": 0.051133919398806,
      "Low_CT_low": 0.045668201481777
    },
    "CD": {
      "BU": 0.0211786601569839,
      "BU_CT_high": 0.0229786216020786,
      "BU_CT_low": 0.0217410135043086,
      "High": 0.0287470788889962,
      "High_CT_high": 0.0252743857001167,
      "High_CT_low": 0.0240349360375748,
      "Low": 0.0225835710567564,
      "Low_CT_high": 0.0232385630498525,
      "Low_CT_low": 0.0213530668862015
    },
    "CG": {
      "BU": 0.050565874845882,
      "BU_CT_high": 0.0574987611498669,
      "BU_CT_low": 0.0459660031642682,
      "High": 0.0526046847077769,
      "High_CT_high": 0.0546644956690478,
      "High_CT_low": 0.0450493928406949,
      "Low": 0.0485087510670809,
      "Low_CT_high": 0.0640022530755108,
      "Low_CT_low": 0.0503024163355972
    },
    "DJ": {
      "BU": 0.0560034298016321,
      "BU_CT_high": 0.0971871016216018,
      "BU_CT_low": 0.0759297538320539,
      "High": 0.0485505239881122,
      "High_CT_high": 0.0832864543967415,
      "High_CT_low": 0.0663537210285863,
      "Low": 0.0503395191566115,
      "Low_CT_high": 0.0937040343018316,
      "Low_CT_low": 0.0735360789032608
    },
    "DZ": {
      "BU": 0.059105802452248,
      "BU_CT_high": 0.1300514051350388,
      "BU_CT_low": 0.0944867709306569,
      "High": 0.059105802452248,
      "High_CT_high": 0.1300514051350388,
      "High_CT_low": 0.094486770930657,
      "Low": 0.060097509537782,
      "Low_CT_high": 0.1300651044092168,
      "Low_CT_low": 0.0951775119155031
    },
    "EG": {
      "BU": 0.0588966779653653,
      "BU_CT_high": 0.1150897304925859,
      "BU_CT_low": 0.0931266078852919,
      "High": 0.0588904281415644,
      "High_CT_high": 0.1146670167903871,
      "High_CT_low": 0.0931706256774202,
      "Low": 0.0589017785586963,
      "Low_CT_high": 0.1151745539965885,
      "Low_CT_low": 0.09336537916144
    },
    "ER": {
      "BU": 0.0515890183260779,
      "BU_CT_high": 0.1193850227820951,
      "BU_CT_low": 0.0866355078871314,
      "High": 0.0533362747816714,
      "High_CT_high": 0.126861311930701,
      "High_CT_low": 0.0909834554971351,
      "Low": 0.0609887327708497,
      "Low_CT_high": 0.1529771145074988,
      "Low_CT_low": 0.1071950587126519
    },
    "ET": {
      "BU": 0.0228639304755475,
      "BU_CT_high": 0.0236320569839189,
      "BU_CT_low": 0.0231817248479861,
      "High": 0.022007616405776,
      "High_CT_high": 0.0214817580474014,
      "High_CT_low": 0.0211053024218965,
      "Low": 0.0225432848482476,
      "Low_CT_high": 0.0232133728962267,
      "Low_CT_low": 0.0228346235360354
    },
    "GA": {
      "BU": 0.0411748013376262,
      "BU_CT_high": 0.0609859832103684,
      "BU_CT_low": 0.049963840993956,
      "High": 0.0408963079670075,
      "High_CT_high": 0.057312673078256,
      "High_CT_low": 0.0482631679066174,
      "Low": 0.0410828525584923,
      "Low_CT_high": 0.0595321664394804,
      "Low_CT_low": 0.0493129205534667
    },
    "GH": {
      "BU": 0.049408784666634,
      "BU_CT_high": 0.0715467008812569,
      "BU_CT_low": 0.0599189058729562,
      "High": 0.0498386105016148,
      "High_CT_high": 0.072503579030319,
      "High_CT_low": 0.060480704337993,
      "Low": 0.0474953942890303,
      "Low_CT_high": 0.0752056614201883,
      "Low_CT_low": 0.0634642094904707
    },
    "GN": {
      "BU": 0.0314923780429742,
      "BU_CT_high": 0.0361130013187559,
      "BU_CT_low": 0.0326008683942001,
      "High": 0.0313503399441754,
      "High_CT_high": 0.0367973891385083,
      "High_CT_low": 0.0323640437348449,
      "Low": 0.0315296302772912,
      "Low_CT_high": 0.0406494580042244,
      "Low_CT_low": 0.0353629717041155
    },
    "GM": {
      "BU": 0.051013039820866,
      "BU_CT_high": 0.0463592430182167,
      "BU_CT_low": 0.0408500536174332,
      "High": 0.0563437048349753,
      "High_CT_high": 0.0455381870719342,
      "High_CT_low": 0.038479281078712,
      "Low": 0.0629617075541881,
      "Low_CT_high": 0.0680301154821139,
      "Low_CT_low": 0.0601822332474058
    },
    "GW": {
      "BU": 0.0393413956741802,
      "BU_CT_high": 0.0576963738600033,
      "BU_CT_low": 0.0472170132386534,
      "High": 0.0468846217943525,
      "High_CT_high": 0.0582186021154598,
      "High_CT_low": 0.0566172755025057,
      "Low": 0.0580210074822088,
      "Low_CT_high": 0.1003738126383638,
      "Low_CT_low": 0.0706681242166934
    },
    "GQ": {
      "BU": 0.0380405881618019,
      "BU_CT_high": 0.0499542796384595,
      "BU_CT_low": 0.0467834795071181,
      "High": 0.0380838459785734,
      "High_CT_high": 0.0498842457422415,
      "High_CT_low": 0.0466332226493054,
      "Low": 0.0402338066643055,
      "Low_CT_high": 0.0647500372387335,
      "Low_CT_low": 0.0544217255051621
    },
    "KE": {
      "BU": 0.039012283933732,
      "BU_CT_high": 0.0441475067439644,
      "BU_CT_low": 0.0446426524194497,
      "High": 0.0382055759290741,
      "High_CT_high": 0.0468397146860116,
      "High_CT_low": 0.0453612962142147,
      "Low": 0.0384263349044063,
      "Low_CT_high": 0.0412324864574132,
      "Low_CT_low": 0.0411419063151006
    },
    "LR": {
      "BU": 0.0489351532679832,
      "BU_CT_high": 0.053504086626523,